{"processing": {"reuse": false, "aug_json_name": "resnet18_rot.json", "add_augmentation": {"normalization": true, "gaussian_blur": true, "channel_dropout": false, "vertical_flip": true, "horizontal_flip": true, "safe_rotate": false, "color_jitter": false}, "format_img": ".png", "format_ann": ".json", "ROI": {"x": [345, 1120], "y": [365, 1000]}, "size": {"height": 256, "width": 256}, "train_ratio": 0.81, "seeding": 42}, "training": {"model": 6, "checkpoint_name": "resnet18_2911_1033", "loss": 0, "optim": "Adam", "optim_lr": 0.0001, "optim_wd": 1e-06, "batch": 6, "epochs": 20, "kfold": 5, "patience": 5, "delta": 0.0001, "depth": true}, "train_folds": [0.026842091097172612, 0.008773240957339898, 0.011243628660665844, 0.013235481659500989, 0.004289868365971928], "valid_folds": [0.027516069437894468, 0.00807949614398507, 0.007824022816124064, 0.011967506209921638, 0.0020128983890371228], "best": 5, "average": 3, "all_losses": {"fold1": {"train_loss": [0.10295211849403847, 0.08801936631569714, 0.058335249394850665, 0.046082525503493704, 0.03709990030505744, 0.030145026985567012, 0.01811190724351121, 0.008965238566558516, 0.004878346996905811, 0.005635750238896277, 0.004767305271023013, 0.004846381404848922, 0.005403218239516078, 0.004809613686103758, 0.0049142674943908, 0.004507241414303028], "valid_loss": [0.0994016827675998, 0.08129042516310388, 0.05959781441042512, 0.05200638051283724, 0.04272470102224901, 0.03046841839783093, 0.01925217297641246, 0.010079329715309294, 0.006654961259513148, 0.005188662244529923, 0.0050836236196991425, 0.00564092120351811, 0.005882242645248139, 0.005754867136056699, 0.005319114102982223, 0.00591179382899638]}, "fold2": {"train_loss": [0.03722744484568199, 0.02829347255904616, 0.02479481606047166, 0.01612869425836242, 0.012849998584196089, 0.006568026346870165, 0.00479765284803296, 0.004426178642386317, 0.004138004104189516, 0.004000082733213294, 0.003608900707693789, 0.0033999875283835554, 0.0028840860449519446, 0.003067800031617793, 0.0022625300855894366, 0.0020637539234809915, 0.002002545973591327, 0.0018961816666428326, 0.002281421245055835], "valid_loss": [0.027259245274786015, 0.023931567689999215, 0.02043423799391997, 0.016319794467078656, 0.010724300677712835, 0.006243426384866278, 0.004233948665021336, 0.004208570692335725, 0.003913669689109455, 0.0037981420511357163, 0.0035959002233045254, 0.003483173968805625, 0.0034503031753393937, 0.0033524727296088295, 0.004069556800092932, 0.0036923816984225145, 0.0034922889017454006, 0.003928212417277814, 0.0033792332351540873]}, "fold3": {"train_loss": [0.07270186436935416, 0.060725214717864524, 0.04031366103689065, 0.010989385756778856, 0.004247385413840991, 0.004180946784671635, 0.003915650775450661, 0.0031615399839018785, 0.003467102995477576, 0.002926510098999036, 0.002754158208434266, 0.0020755684784430606, 0.0021923761387022804, 0.0016042563649822114, 0.002655071557008401, 0.001461959967932084, 0.0011760669742294128, 0.0015345412982871768, 0.0015955110023237033, 0.0011938012897442837], "valid_loss": [0.05866397338225606, 0.04152073067635826, 0.01634347885202571, 0.004349047448370413, 0.0049201862500964305, 0.003666898190989089, 0.004479673307644805, 0.003121449320305376, 0.0025706671529808155, 0.002888120661205072, 0.002039777850840378, 0.001975691120866563, 0.001314522639377211, 0.0016852829083370338, 0.0014955471397329167, 0.0011120847954512896, 0.0009649663129472215, 0.001082288585097449, 0.0011715047124619224, 0.0011145650151372654]}, "fold4": {"train_loss": [0.06319540402334761, 0.0543230134129058, 0.036275910746272934, 0.023323124972998852, 0.011690653917680056, 0.0034841649751896557, 0.0033942871162880132, 0.0028388927365436195, 0.001932945016204843, 0.0021505923971384517, 0.001910818199068284, 0.0020020165529878843, 0.0012008988326966947, 0.0011444486979559818, 0.0014839567344321753, 0.001416578220304981], "valid_loss": [0.0550980119794176, 0.04902324622913816, 0.03870884538890068, 0.02485556673222922, 0.007902901646555873, 0.0022558941823442877, 0.0030140093074608274, 0.0013312989395906163, 0.001470490617272475, 0.001015871000399161, 0.00081545999394189, 0.0012442746910018042, 0.001219425640978671, 0.0009791981680153051, 0.000987659732202688, 0.0015579451092969413]}, "fold5": {"train_loss": [0.018733633700207107, 0.009410906215091884, 0.00450565067057337, 0.002426962743456152, 0.0018999824795899354, 0.0019798343254420043, 0.001625323150805842, 0.0022747041386649326, 0.0019362001316417068, 0.0010462115559551869, 0.0013491429142630882], "valid_loss": [0.010067477094391729, 0.00418757775839048, 0.001406514720147554, 0.0009138795927985395, 0.0007875751913014518, 0.0006148545545462461, 0.0011557726071795128, 0.0009907279673852254, 0.0007473474118098563, 0.0006942714134333575, 0.0005758839680244026]}}}